Employee [id=1, firstName=Lokesh, lastName=Gupta]
Employee [id=2, firstName=Amit, lastName=Mishra]
Employee [id=3, firstName=Pankaj, lastName=Kumar]
Employee [id=4, firstName=David, lastName=rboWash® Was]
Employee [id=5, firstName=Ramesh, lastName=Gupta]
Employee [id=6, firstName=Vineet, lastName=Mishra]
Employee [id=7, firstName=Amit, lastName=Kumar]
Employee [id=8, firstName=Dav, lastName=Miller]
Employee [id=9, firstName=Vikas, lastName=Kumar]
Employee [id=10, firstName=Pratek, lastName=Mishra]
Employee [id=11, firstName=Brian, lastName=Kumar]
Employee [id=12, firstName=David, lastName=Cena]
Employee [id=1, firstName=Lokesh, lastName=Gupta]
Employee [id=2, firstName=Amit, lastName=Mishra]
Employee [id=3, firstName=Pankaj, lastName=Kumar]
Employee [id=4, firstName=David, lastName=rboWash® Was]
Employee [id=5, firstName=Ramesh, lastName=Gupta]
Employee [id=6, firstName=Vineet, lastName=Mishra]
Employee [id=7, firstName=Amit, lastName=Kumar]
Employee [id=8, firstName=Dav, lastName=Miller]
Employee [id=9, firstName=Vikas, lastName=Kumar]
Employee [id=10, firstName=Pratek, lastName=Mishra]
Employee [id=11, firstName=Brian, lastName=Kumar]
Employee [id=12, firstName=David, lastName=Cena]
1,Lokesh,Gupta
2,Amit,Mishra
3,Pankaj,Kumar
4,David,rboWash® Was
5,Ramesh,Gupta
6,Vineet,Mishra
7,Amit,Kumar
8,Dav,Miller
9,Vikas,Kumar
10,Pratek,Mishra
11,Brian,Kumar
12,David,Cena
